Time,Open,High,Low,Close,Volume,Close time,Quote asset volume,Number of trades,Taker buy base asset volume,Taker buy quote asset volume,Ignore
2023-05-18 08:00:00,27302.62,27318.63,27217.01,27220.16,1187.68354,1684389599999.0,32392149.7515301,32132.0,532.47739,14522528.4808183,0.0
2023-05-18 09:00:00,27220.16,27250.0,27152.29,27210.88,1481.05219,1684393199999.0,40291319.886018,43475.0,702.78095,19120004.6864465,0.0
2023-05-18 10:00:00,27210.89,27454.14,27200.0,27391.61,2215.54298,1684396799999.0,60549698.3191146,55635.0,1275.16576,34842757.0730583,0.0
2023-05-18 11:00:00,27391.61,27440.01,27346.45,27388.54,1700.75228,1684400399999.0,46594288.3569975,39336.0,862.52801,23628718.9630382,0.0
2023-05-18 12:00:00,27388.53,27430.0,27354.63,27405.0,1177.10188,1684403999999.0,32237660.9495953,30477.0,574.44618,15733330.9007473,0.0
2023-05-18 13:00:00,27405.0,27423.74,27334.02,27347.86,1060.68169,1684407599999.0,29042393.7645764,27241.0,489.41784,13400671.6371862,0.0
2023-05-18 14:00:00,27347.86,27400.0,27342.62,27398.97,994.18461,1684411199999.0,27210275.2261569,26865.0,486.71654,13320538.8357838,0.0
2023-05-18 15:00:00,27398.97,27472.14,27226.33,27237.02,2455.64136,1684414799999.0,67133035.8491791,59233.0,1169.70197,31985561.6269678,0.0
2023-05-18 16:00:00,27237.02,27283.0,27180.17,27257.21,2118.36446,1684418399999.0,57690079.0512927,45700.0,974.20422,26531667.7039316,0.0
2023-05-18 17:00:00,27257.21,27404.51,27021.95,27244.99,3841.20211,1684421999999.0,104571014.625389,77817.0,1945.24361,52963233.2114166,0.0
2023-05-18 18:00:00,27245.0,27300.0,27045.1,27086.77,2964.70782,1684425599999.0,80513566.6941381,59991.0,1345.208,36539659.6198551,0.0
2023-05-18 19:00:00,27086.78,27118.36,26981.56,27069.56,2607.92394,1684429199999.0,70569932.2466981,44238.0,1200.88016,32498416.1971411,0.0
2023-05-18 20:00:00,27069.55,27090.58,26361.2,26488.99,7917.59124,1684432799999.0,211441314.0742136,125967.0,3508.98566,93704906.2672511,0.0
2023-05-18 21:00:00,26489.0,26653.4,26409.77,26617.62,4334.33737,1684436399999.0,115134447.3007666,76089.0,2026.38359,53832509.3911118,0.0
2023-05-18 22:00:00,26617.62,26847.99,26572.71,26734.01,2789.36175,1684439999999.0,74520916.8748953,54538.0,1490.63346,39823452.5278789,0.0
2023-05-18 23:00:00,26734.01,26771.53,26691.2,26720.63,1111.68683,1684443599999.0,29722112.3745519,26832.0,532.46237,14236339.2290354,0.0
2023-05-19 00:00:00,26720.63,27065.27,26720.63,26917.24,2155.55537,1684447199999.0,57985021.7493324,45355.0,1178.08675,31691930.0244712,0.0
2023-05-19 01:00:00,26917.24,26948.14,26843.93,26891.75,792.82654,1684450799999.0,21324289.7089025,25777.0,360.15944,9687134.3585222,0.0
2023-05-19 02:00:00,26891.74,26894.92,26817.48,26821.28,694.80735,1684454399999.0,18658815.9902494,20009.0,287.55694,7721878.2270028,0.0
2023-05-19 03:00:00,26821.28,26929.04,26799.28,26885.47,858.88397,1684457999999.0,23069418.2847155,27589.0,416.24407,11179885.9582757,0.0
2023-05-19 04:00:00,26885.47,26914.64,26749.33,26809.99,971.75973,1684461599999.0,26057292.0512452,24138.0,369.63191,9911488.7429803,0.0
2023-05-19 05:00:00,26810.0,26849.21,26762.77,26802.05,768.22407,1684465199999.0,20593863.4836524,19117.0,323.28569,8665456.2840415,0.0
2023-05-19 06:00:00,26802.05,26874.59,26769.35,26834.73,686.05386,1684468799999.0,18409963.3160484,25580.0,291.76387,7829943.5727248,0.0
2023-05-19 07:00:00,26834.73,26876.25,26812.03,26875.0,567.94706,1684472399999.0,15242217.086018,23254.0,236.22955,6340491.0130759,0.0
2023-05-19 08:00:00,26874.99,26888.82,26827.28,26876.45,613.86669,1684475999999.0,16491107.0093344,22956.0,255.16904,6854892.4459688,0.0
2023-05-19 09:00:00,26876.44,26938.49,26866.05,26902.72,1116.97452,1684479599999.0,30053110.0742411,29565.0,493.72736,13284411.8022207,0.0
2023-05-19 10:00:00,26902.72,26960.24,26844.04,26851.38,1597.05942,1684483199999.0,42957711.7035962,45848.0,641.227,17246690.8987366,0.0
2023-05-19 11:00:00,26851.39,26926.61,26834.32,26886.52,844.68404,1684486799999.0,22710172.8621504,32346.0,395.1349,10623836.8051828,0.0
2023-05-19 12:00:00,26886.53,26906.73,26819.0,26842.18,911.71229,1684490399999.0,24479780.2667033,29008.0,376.76767,10115845.6608614,0.0
2023-05-19 13:00:00,26842.18,26876.66,26790.72,26823.08,1055.88297,1684493999999.0,28336353.3105057,26307.0,495.82322,13306575.4073282,0.0
2023-05-19 14:00:00,26823.08,26878.88,26798.54,26855.89,1023.64289,1684497599999.0,27472395.2563453,26380.0,479.91112,12879720.1041856,0.0
2023-05-19 15:00:00,26855.9,26988.2,26855.89,26909.94,1400.69728,1684501199999.0,37716837.529006,34733.0,715.0459,19254702.6321847,0.0
2023-05-19 16:00:00,26909.93,26955.0,26843.2,26865.46,1042.98471,1684504799999.0,28060912.27897,30288.0,521.83769,14039512.8880856,0.0
2023-05-19 17:00:00,26865.47,26865.47,26762.31,26835.33,1409.69993,1684508399999.0,37793829.6874854,37052.0,622.06696,16676609.2892431,0.0
2023-05-19 18:00:00,26835.34,27183.6,26630.0,26883.65,6876.15325,1684511999999.0,185051084.9987078,124301.0,3519.84869,94724659.0648597,0.0
2023-05-19 19:00:00,26883.65,26961.34,26801.56,26837.72,1752.64044,1684515599999.0,47123005.7601158,39232.0,854.06644,22964421.6505704,0.0
2023-05-19 20:00:00,26837.73,26973.56,26825.0,26919.17,1328.47539,1684519199999.0,35747290.5901385,35088.0,668.2243,17981418.9965656,0.0
2023-05-19 21:00:00,26919.16,26937.62,26872.83,26890.8,910.10451,1684522799999.0,24485888.1658005,26681.0,487.05918,13103962.6136187,0.0
2023-05-19 22:00:00,26890.8,26890.81,26780.73,26834.46,1018.50532,1684526399999.0,27329282.779903,28862.0,464.08044,12452131.6435758,0.0
2023-05-19 23:00:00,26834.47,26875.81,26807.73,26831.04,599.06929,1684529999999.0,16079441.0931515,19378.0,286.71293,7694954.1173589,0.0
2023-05-20 00:00:00,26831.03,26906.13,26826.57,26906.12,556.46863,1684533599999.0,14951556.7970363,19529.0,305.53001,8208641.6077998,0.0
2023-05-20 01:00:00,26906.13,26921.21,26862.18,26871.15,454.80868,1684537199999.0,12226813.2696878,15341.0,213.64668,5743317.5642699,0.0
2023-05-20 02:00:00,26871.15,26900.0,26864.03,26880.26,387.8365,1684540799999.0,10425429.5087463,13722.0,189.2135,5086126.6233662,0.0
2023-05-20 03:00:00,26880.26,26908.42,26825.11,26845.71,564.98609,1684544399999.0,15177016.5508133,24339.0,257.26718,6910765.8439378,0.0
2023-05-20 04:00:00,26845.71,26885.86,26845.54,26858.98,270.6386,1684547999999.0,7269188.2851347,14041.0,137.13224,3683198.873151,0.0
2023-05-20 05:00:00,26858.98,26870.05,26832.36,26839.63,327.99884,1684551599999.0,8807418.0502562,12311.0,138.3565,3715217.2937026,0.0
2023-05-20 06:00:00,26839.63,26874.74,26839.62,26865.58,318.51343,1684555199999.0,8554463.7202358,16334.0,171.26475,4599586.798729,0.0
2023-05-20 07:00:00,26865.59,26873.63,26851.11,26873.63,337.53628,1684558799999.0,9066916.4681615,15527.0,147.76932,3969283.1430658,0.0
2023-05-20 08:00:00,26873.62,26873.63,26840.0,26869.36,358.13357,1684562399999.0,9620014.3470438,18345.0,148.14926,3979400.4081054,0.0
2023-05-20 09:00:00,26869.36,26870.0,26835.1,26854.04,530.4636,1684565999999.0,14245683.7033797,22696.0,224.68766,6034278.1214918,0.0
2023-05-20 10:00:00,26854.05,26857.21,26840.0,26854.98,338.19574,1684569599999.0,9080215.6260083,17655.0,145.04893,3894423.2083436,0.0
2023-05-20 11:00:00,26854.98,26917.38,26854.97,26908.98,465.98316,1684573199999.0,12526303.3083029,21982.0,242.42907,6516630.1877767,0.0
2023-05-20 12:00:00,26908.99,26913.53,26869.96,26880.31,566.81186,1684576799999.0,15242099.109749,16715.0,237.47429,6385290.0218246,0.0
2023-05-20 13:00:00,26880.31,26902.68,26874.88,26887.08,424.02931,1684580399999.0,11401611.0248433,15376.0,196.90731,5294328.1429415,0.0
2023-05-20 14:00:00,26887.08,26904.11,26871.78,26880.06,379.04245,1684583999999.0,10190208.8822311,16624.0,148.51699,3992595.0507009,0.0
2023-05-20 15:00:00,26880.05,26945.66,26880.05,26895.77,656.69076,1684587599999.0,17671460.2675025,21444.0,324.81498,8740252.0744175,0.0
2023-05-20 16:00:00,26895.77,26916.76,26875.51,26889.11,627.69597,1684591199999.0,16879731.4311156,18321.0,263.69739,7090867.904507,0.0
2023-05-20 17:00:00,26889.12,26928.23,26889.11,26920.01,540.29829,1684594799999.0,14538702.3916297,17237.0,290.4342,7815301.8819512,0.0
2023-05-20 18:00:00,26920.02,26976.0,26891.6,26945.66,767.49336,1684598399999.0,20672468.1401042,24256.0,387.08918,10427169.8795129,0.0
2023-05-20 19:00:00,26945.67,26948.19,26913.25,26918.46,424.56655,1684601999999.0,11434273.5908522,15913.0,188.70015,5082210.1039801,0.0
2023-05-20 20:00:00,26918.46,27146.22,26917.69,27139.45,1493.95747,1684605599999.0,40399075.9520126,36276.0,863.11345,23339936.4067676,0.0
2023-05-20 21:00:00,27139.46,27150.0,27027.14,27029.05,2061.90664,1684609199999.0,55874817.2065791,38785.0,918.39827,24893211.5884915,0.0
2023-05-20 22:00:00,27029.04,27073.61,26969.55,27063.03,940.38514,1684612799999.0,25421064.809211,28404.0,434.5342,11746163.9809565,0.0
2023-05-20 23:00:00,27063.04,27091.95,27004.16,27011.29,575.07562,1684616399999.0,15553878.8289072,21254.0,243.79553,6593650.1428149,0.0
2023-05-21 00:00:00,27011.29,27055.69,26967.18,27033.03,580.97902,1684619999999.0,15690752.0677416,18053.0,260.85851,7044735.5332264,0.0
2023-05-21 01:00:00,27033.02,27068.06,27011.31,27067.32,314.66996,1684623599999.0,8509317.0729242,14255.0,149.07814,4031281.0055378,0.0
2023-05-21 02:00:00,27067.31,27129.36,27045.73,27102.43,568.49547,1684627199999.0,15398972.9104274,15239.0,250.42618,6783147.0382293,0.0
2023-05-21 03:00:00,27102.42,27277.55,27063.09,27237.75,1460.27722,1684630799999.0,39703477.7372824,32973.0,733.12108,19934829.7716019,0.0
2023-05-21 04:00:00,27237.76,27257.19,27150.95,27158.79,820.46066,1684634399999.0,22319652.8447731,20849.0,359.92185,9790842.4557055,0.0
2023-05-21 05:00:00,27158.79,27191.04,27145.59,27168.54,544.77241,1684637999999.0,14800056.380301,15834.0,262.35711,7127870.9397407,0.0
2023-05-21 06:00:00,27168.53,27191.1,27156.6,27176.22,367.38889,1684641599999.0,9982480.4623376,18654.0,163.72142,4448488.6941954,0.0
2023-05-21 07:00:00,27176.22,27176.22,27118.0,27129.32,462.73225,1684645199999.0,12565739.1329084,16080.0,183.96387,4995565.2045717,0.0
2023-05-21 08:00:00,27129.32,27138.34,27089.74,27098.85,668.41698,1684648799999.0,18123694.6505308,15642.0,304.01727,8242668.5733738,0.0
2023-05-21 09:00:00,27098.84,27103.0,27065.01,27083.85,484.56662,1684652399999.0,13124436.496148,14516.0,171.16074,4636105.6452347,0.0
2023-05-21 10:00:00,27083.85,27083.86,27047.88,27054.99,573.34622,1684655999999.0,15517985.5151498,17506.0,227.56839,6158973.7465387,0.0
2023-05-21 11:00:00,27055.0,27072.67,27025.74,27042.87,503.95228,1684659599999.0,13630319.0383963,16949.0,227.69486,6158294.171591,0.0
2023-05-21 12:00:00,27042.88,27077.22,27030.0,27077.21,486.32887,1684663199999.0,13156435.7729625,15940.0,226.80208,6135705.5605409,0.0
2023-05-21 13:00:00,27077.22,27085.81,26890.39,26955.0,1582.39716,1684666799999.0,42662597.821384,34561.0,684.7795,18457415.1878268,0.0
2023-05-21 14:00:00,26954.99,26955.0,26776.23,26829.94,2524.77054,1684670399999.0,67846201.3389884,43754.0,1029.49724,27665131.1257807,0.0
2023-05-21 15:00:00,26829.93,26949.82,26803.58,26930.01,1672.18181,1684673999999.0,44911111.7238778,33072.0,869.52637,23354198.537955,0.0
2023-05-21 16:00:00,26930.0,26935.79,26888.07,26890.69,637.30013,1684677599999.0,17153464.0323012,20416.0,270.5815,7282890.2615921,0.0
2023-05-21 17:00:00,26890.69,26972.21,26881.0,26898.32,850.35544,1684681199999.0,22902287.2914433,25840.0,451.36017,12154998.5279541,0.0
2023-05-21 18:00:00,26898.32,26977.0,26811.0,26898.97,1138.95152,1684684799999.0,30627134.0404268,35298.0,508.73042,13680183.9146724,0.0
2023-05-21 19:00:00,26898.97,26916.81,26851.65,26886.43,707.36867,1684688399999.0,19018491.231565,27275.0,346.67571,9319718.2350908,0.0
2023-05-21 20:00:00,26886.42,26933.33,26832.98,26871.55,831.38138,1684691999999.0,22349611.1809886,28189.0,400.91397,10777440.8119911,0.0
2023-05-21 21:00:00,26871.55,26894.75,26846.38,26872.28,608.30466,1684695599999.0,16343420.076365,20464.0,280.61482,7538844.2643803,0.0
2023-05-21 22:00:00,26872.27,26916.99,26855.8,26902.12,632.57797,1684699199999.0,17005511.2521562,19279.0,361.73945,9724337.2281192,0.0
2023-05-21 23:00:00,26902.13,26926.29,26820.0,26845.8,714.82489,1684702799999.0,19213278.434647,19707.0,369.79553,9938148.1360453,0.0
2023-05-22 00:00:00,26845.79,26846.65,26666.03,26745.15,2132.48646,1684706399999.0,57016942.6954152,43650.0,918.95845,24566551.843103,0.0
2023-05-22 01:00:00,26745.15,26794.81,26731.42,26754.81,515.25099,1684709999999.0,13792769.9167512,16219.0,269.07554,7202413.047026,0.0
2023-05-22 02:00:00,26754.82,26804.63,26726.15,26747.78,427.47877,1684713599999.0,11446471.2123426,16270.0,232.86225,6235231.4474364,0.0
2023-05-22 03:00:00,26747.78,26779.54,26549.29,26656.11,1814.57122,1684717199999.0,48337252.6141766,46881.0,801.14651,21339136.2585683,0.0
2023-05-22 04:00:00,26656.1,26688.23,26560.0,26584.17,1348.4227,1684720799999.0,35907026.8827058,32441.0,688.42802,18331497.3959258,0.0
2023-05-22 05:00:00,26584.17,26666.04,26538.21,26649.67,1427.40856,1684724399999.0,37988444.3733216,30076.0,727.93809,19369559.9790963,0.0
2023-05-22 06:00:00,26649.67,26675.69,26635.77,26644.8,627.38681,1684727999999.0,16722725.6441424,17462.0,279.59981,7452393.3451732,0.0
2023-05-22 07:00:00,26644.8,26728.79,26643.12,26691.67,767.58316,1684731599999.0,20482175.056497,19350.0,368.19535,9824572.6670646,0.0
2023-05-22 08:00:00,26691.66,26800.0,26691.66,26756.09,941.74353,1684735199999.0,25190048.0809176,23882.0,464.83481,12433156.6361326,0.0
2023-05-22 09:00:00,26756.08,26913.14,26751.46,26821.69,1452.87038,1684738799999.0,39004217.0421784,40960.0,722.28504,19389012.311086,0.0
2023-05-22 10:00:00,26821.68,26875.77,26795.03,26843.13,857.76414,1684742399999.0,23021925.6903946,24643.0,371.34484,9966427.1881903,0.0
2023-05-22 11:00:00,26843.12,26900.0,26826.62,26826.62,694.36389,1684745999999.0,18654877.2294788,22546.0,301.75837,8106974.6643158,0.0
2023-05-22 12:00:00,26826.62,26887.62,26824.66,26862.57,601.11258,1684749599999.0,16143981.5364285,22037.0,312.33213,8388192.5824249,0.0
2023-05-22 13:00:00,26862.56,26875.56,26795.75,26831.77,661.21279,1684753199999.0,17742034.4625193,23872.0,285.39541,7657617.2374102,0.0
2023-05-22 14:00:00,26831.77,26834.12,26767.34,26826.78,668.56744,1684756799999.0,17916363.5760161,22028.0,318.75162,8541583.8274191,0.0
2023-05-22 15:00:00,26826.79,26866.0,26731.0,26731.6,971.3034,1684760399999.0,26027313.1798729,30664.0,411.33548,11023380.3074054,0.0
2023-05-22 16:00:00,26731.61,27099.89,26702.91,27007.0,3265.09349,1684763999999.0,87986577.966044,74474.0,1783.83775,48070160.200672,0.0
2023-05-22 17:00:00,27007.01,27041.34,26769.49,26957.28,2749.7847,1684767599999.0,74002834.513946,67514.0,1358.07542,36542254.3893464,0.0
2023-05-22 18:00:00,26957.27,26977.23,26811.73,26877.18,1426.88984,1684771199999.0,38357319.7892107,38909.0,610.69629,16413278.4524835,0.0
2023-05-22 19:00:00,26877.17,26925.1,26835.65,26873.16,1066.53729,1684774799999.0,28665467.6891301,29443.0,446.89886,12010717.9871461,0.0
2023-05-22 20:00:00,26873.16,26896.87,26781.99,26850.16,1296.73483,1684778399999.0,34789465.9377947,34142.0,597.42596,16027721.1423539,0.0
2023-05-22 21:00:00,26850.16,26930.0,26836.44,26880.19,901.94161,1684781999999.0,24249318.9079389,24555.0,460.963,12394113.9148923,0.0
2023-05-22 22:00:00,26880.19,26889.96,26819.1,26862.43,883.21086,1684785599999.0,23714114.5679758,24488.0,362.52126,9733366.944857,0.0
2023-05-22 23:00:00,26862.43,26934.93,26833.21,26895.13,525.7812,1684789199999.0,14131132.6579737,18637.0,262.18469,7047631.2409012,0.0
2023-05-23 00:00:00,26895.14,26959.52,26880.44,26900.52,576.12171,1684792799999.0,15508021.7824896,19373.0,273.96232,7374083.3650604,0.0
2023-05-23 01:00:00,26900.52,26913.78,26872.02,26872.03,371.218,1684796399999.0,9981620.4948789,14356.0,149.32934,4015212.7632627,0.0
2023-05-23 02:00:00,26872.02,26883.17,26834.45,26849.27,561.21415,1684799999999.0,15070737.0482424,14378.0,280.43888,7530731.6584939,0.0
2023-05-23 03:00:00,26849.28,26936.58,26798.11,26822.33,824.15766,1684803599999.0,22147635.9152043,23466.0,353.69477,9505320.8851698,0.0
2023-05-23 04:00:00,26822.34,27110.0,26803.36,26994.98,3103.48337,1684807199999.0,83775278.5522005,55087.0,1781.22657,48080322.8899421,0.0
2023-05-23 05:00:00,26994.98,27173.53,26994.97,27128.42,2379.27506,1684810799999.0,64389941.9156824,37393.0,1302.86439,35262435.1924942,0.0
2023-05-23 06:00:00,27128.41,27442.03,27115.2,27366.67,5427.82964,1684814399999.0,148236290.9441354,91938.0,2998.72789,81888886.9759025,0.0
2023-05-23 07:00:00,27366.67,27435.34,27338.35,27381.65,3187.08987,1684817999999.0,87267323.401994,55550.0,1525.34438,41764346.0236698,0.0
2023-05-23 08:00:00,27381.64,27495.83,27366.69,27387.49,2396.74337,1684821599999.0,65701571.879056,42901.0,1233.26455,33808264.8933632,0.0
2023-05-23 09:00:00,27387.5,27426.52,27278.18,27292.49,2210.67511,1684825199999.0,60443307.9722866,45947.0,1028.31467,28114562.9440704,0.0
2023-05-23 10:00:00,27292.5,27324.28,27205.01,27304.4,1584.70412,1684828799999.0,43230221.5653654,40772.0,754.79175,20591086.7479393,0.0
2023-05-23 11:00:00,27304.4,27337.0,27250.32,27334.52,1097.53462,1684832399999.0,29955768.5050674,26630.0,508.15023,13870288.344324,0.0
2023-05-23 12:00:00,27334.52,27347.07,27269.86,27273.54,1137.51824,1684835999999.0,31053910.8683248,25060.0,512.94842,14003007.6083842,0.0
2023-05-23 13:00:00,27273.54,27334.78,27253.27,27327.8,922.81316,1684839599999.0,25183741.1766535,22472.0,436.13475,11902112.8753519,0.0
2023-05-23 14:00:00,27327.8,27349.0,27283.22,27337.36,876.93211,1684843199999.0,23959800.8503362,22367.0,395.36299,10801985.305337,0.0
2023-05-23 15:00:00,27337.36,27386.26,27240.45,27284.78,1444.60836,1684846799999.0,39471961.4090658,31992.0,641.16128,17519395.539353,0.0
2023-05-23 16:00:00,27284.77,27306.72,27175.19,27236.03,1841.3558,1684850399999.0,50187710.7021005,42652.0,826.28603,22521895.9752544,0.0
2023-05-23 17:00:00,27236.04,27358.22,27233.17,27321.35,1436.29183,1684853999999.0,39215988.8981265,33051.0,688.4059,18795026.3119846,0.0
2023-05-23 18:00:00,27321.34,27359.93,27291.02,27320.05,1259.92714,1684857599999.0,34419637.2716763,30019.0,538.22092,14703557.4763846,0.0
2023-05-23 19:00:00,27320.04,27328.48,27200.16,27229.23,1338.80023,1684861199999.0,36500761.9386806,31862.0,521.09914,14206727.3626795,0.0
2023-05-23 20:00:00,27229.24,27270.23,27185.52,27203.71,1066.45387,1684864799999.0,29028894.1292295,27351.0,497.36542,13537783.3876439,0.0
2023-05-23 21:00:00,27203.71,27219.97,27119.0,27139.01,1406.66368,1684868399999.0,38213024.0753067,31242.0,645.87815,17545598.0762389,0.0
2023-05-23 22:00:00,27139.01,27219.48,27100.79,27181.22,1136.08024,1684871999999.0,30866966.8964646,27843.0,498.57487,13545362.2161925,0.0
2023-05-23 23:00:00,27181.23,27242.67,27151.38,27215.11,1131.92459,1684875599999.0,30777254.8090766,25273.0,589.15276,16017700.4583732,0.0
2023-05-24 00:00:00,27215.1,27239.41,27187.56,27200.38,486.93209,1684879199999.0,13249199.7446615,15613.0,217.42887,5916201.1087305,0.0
2023-05-24 01:00:00,27200.37,27221.12,27178.09,27194.91,573.16334,1684882799999.0,15589610.3613294,16634.0,246.8963,6714948.5813442,0.0
2023-05-24 02:00:00,27194.91,27249.38,27192.35,27219.61,429.88108,1684886399999.0,11699977.8203507,13284.0,224.90617,6120960.0851218,0.0
2023-05-24 03:00:00,27219.61,27219.61,27124.91,27156.7,803.33097,1684889999999.0,21832170.8467759,24896.0,342.42713,9306529.9268107,0.0
2023-05-24 04:00:00,27156.71,27188.93,27134.99,27138.19,673.22575,1684893599999.0,18284547.7743831,21028.0,282.78735,7680523.5217091,0.0
2023-05-24 05:00:00,27138.2,27170.71,27111.0,27161.76,612.33363,1684897199999.0,16627937.9057933,18325.0,266.71842,7242426.9595559,0.0
2023-05-24 06:00:00,27161.75,27164.59,26649.88,26786.0,6221.40696,1684900799999.0,167038856.0996959,100626.0,2835.58731,76107123.4740673,0.0
2023-05-24 07:00:00,26786.01,26812.63,26704.71,26804.12,2292.1151,1684904399999.0,61336280.6279959,42277.0,1117.59239,29908710.0301839,0.0
2023-05-24 08:00:00,26804.11,26830.42,26718.03,26775.45,1847.73988,1684907999999.0,49498728.5394964,35843.0,937.99647,25129146.2194066,0.0
2023-05-24 09:00:00,26775.44,26775.45,26613.0,26712.55,1656.34699,1684911599999.0,44249689.5648083,39088.0,764.45077,20422644.4029135,0.0
2023-05-24 10:00:00,26712.56,26757.72,26646.0,26678.67,1519.91544,1684915199999.0,40592985.6079407,37847.0,743.02225,19843707.6528465,0.0
2023-05-24 11:00:00,26678.67,26754.02,26670.0,26748.58,1372.73962,1684918799999.0,36681165.2698064,28922.0,715.81956,19126575.5360172,0.0
2023-05-24 12:00:00,26748.58,26839.02,26737.4,26750.8,1723.75942,1684922399999.0,46166531.7029885,35426.0,957.60901,25647483.8997556,0.0
2023-05-24 13:00:00,26750.8,26762.6,26715.06,26730.0,1033.32953,1684925999999.0,27624290.8127714,25290.0,509.04389,13607432.8381532,0.0
2023-05-24 14:00:00,26730.01,26764.91,26680.64,26742.24,1102.61352,1684929599999.0,29459525.1262765,26939.0,569.50536,15215758.210783,0.0
2023-05-24 15:00:00,26742.25,26742.25,26661.05,26695.41,1301.37294,1684933199999.0,34754820.3654816,28935.0,619.96731,16556504.8590898,0.0
2023-05-24 16:00:00,26695.41,26709.62,26274.69,26442.86,5577.53705,1684936799999.0,147710518.3297448,94229.0,2543.24276,67327872.9034524,0.0
2023-05-24 17:00:00,26442.85,26442.86,26144.36,26254.93,6194.4086,1684940399999.0,162938072.1446553,96110.0,2948.64083,77568128.8461087,0.0
2023-05-24 18:00:00,26254.93,26377.63,26080.5,26314.69,5950.33781,1684943999999.0,156090107.462557,90023.0,3097.85462,81273584.5845365,0.0
2023-05-24 19:00:00,26314.69,26326.47,26159.97,26238.01,2384.09871,1684947599999.0,62533751.1087282,44401.0,1239.62592,32513636.9806995,0.0
2023-05-24 20:00:00,26238.01,26358.99,26170.18,26285.01,2314.20204,1684951199999.0,60792246.7725602,37882.0,1241.20223,32605553.6350569,0.0
2023-05-24 21:00:00,26285.01,26324.41,26214.0,26220.55,1901.30293,1684954799999.0,49943555.4355869,33224.0,909.49336,23889219.5294099,0.0
2023-05-24 22:00:00,26220.55,26397.64,26201.67,26252.33,2349.96235,1684958399999.0,61795762.1094505,40509.0,1171.28517,30802214.8551546,0.0
2023-05-24 23:00:00,26252.34,26486.46,26242.62,26404.18,2878.77545,1684961999999.0,75937036.8763136,47336.0,1539.53932,40605860.9323324,0.0
2023-05-25 00:00:00,26404.18,26464.65,26310.48,26368.66,1223.45586,1684965599999.0,32298325.5718239,27225.0,642.68037,16965044.5054967,0.0
2023-05-25 01:00:00,26368.66,26406.0,26313.47,26348.52,746.24121,1684969199999.0,19670396.23831,19907.0,325.98884,8592226.5070762,0.0
2023-05-25 02:00:00,26348.52,26394.16,26318.25,26329.01,712.51394,1684972799999.0,18778933.1604109,16479.0,376.83127,9932271.0057277,0.0
2023-05-25 03:00:00,26329.0,26394.37,26197.12,26236.47,1510.80228,1684976399999.0,39702598.0509119,32410.0,687.06095,18059106.9962624,0.0
2023-05-25 04:00:00,26236.46,26318.58,25871.89,26124.08,4961.18524,1684979999999.0,129273860.6977637,82480.0,2292.72385,59752409.592481,0.0
2023-05-25 05:00:00,26124.08,26147.0,26052.88,26122.71,980.06435,1684983599999.0,25582559.2816849,22804.0,487.80257,12732540.0172099,0.0
2023-05-25 06:00:00,26122.72,26227.71,26122.71,26183.72,1286.50113,1684987199999.0,33680753.6854841,26728.0,634.65177,16614228.0975693,0.0
2023-05-25 07:00:00,26183.73,26269.3,26153.0,26224.39,1119.75205,1684990799999.0,29352781.14989,25483.0,518.21381,13584644.7210761,0.0
2023-05-25 08:00:00,26224.39,26279.45,26214.4,26260.12,876.80372,1684994399999.0,23011152.2334411,20045.0,380.03616,9974298.0914773,0.0
2023-05-25 09:00:00,26260.11,26300.0,26220.01,26261.27,918.14311,1684997999999.0,24114841.4477539,24174.0,418.93695,11003382.7676789,0.0
2023-05-25 10:00:00,26261.26,26267.29,26126.76,26131.27,1260.39696,1685001599999.0,33008357.7367587,32711.0,545.78248,14291730.9879828,0.0
2023-05-25 11:00:00,26131.27,26252.26,26128.37,26223.87,1292.58748,1685005199999.0,33869708.6736086,27670.0,613.84471,16083818.9495126,0.0
2023-05-25 12:00:00,26223.87,26286.76,26223.04,26284.76,924.32631,1685008799999.0,24262533.9153658,23636.0,483.5738,12694271.3291136,0.0
2023-05-25 13:00:00,26284.76,26302.88,26213.79,26248.18,941.55516,1685012399999.0,24718860.9387303,22071.0,428.55287,11251488.6205163,0.0
2023-05-25 14:00:00,26248.17,26335.16,26205.84,26296.62,1191.27834,1685015999999.0,31286627.4179038,26000.0,516.19756,13558703.1215583,0.0
2023-05-25 15:00:00,26296.61,26499.99,26296.61,26403.52,3353.24498,1685019599999.0,88547127.7738628,54188.0,1757.86273,46415338.5593768,0.0
2023-05-25 16:00:00,26403.52,26432.96,26269.53,26338.37,2000.3342,1685023199999.0,52718994.3253216,39660.0,861.02983,22693537.2127831,0.0
2023-05-25 17:00:00,26338.36,26426.85,26287.9,26364.65,1932.76207,1685026799999.0,50950506.6995473,36581.0,967.90575,25513793.8789981,0.0
2023-05-25 18:00:00,26364.66,26391.71,26168.6,26226.12,2252.36031,1685030399999.0,59151931.966733,43739.0,981.57566,25781221.648645,0.0
2023-05-25 19:00:00,26226.12,26320.03,26207.47,26276.73,1544.87957,1685033999999.0,40563286.1843075,29349.0,729.08599,19141836.0130061,0.0
2023-05-25 20:00:00,26276.73,26393.75,26250.01,26350.84,1595.73866,1685037599999.0,42008365.1971598,31198.0,806.18327,21220504.7985389,0.0
2023-05-25 21:00:00,26350.85,26413.08,26330.47,26374.54,1501.99422,1685041199999.0,39611539.4165228,28961.0,713.23766,18808636.4708346,0.0
2023-05-25 22:00:00,26374.53,26631.98,26370.16,26468.68,3098.11072,1685044799999.0,82115941.5349503,51722.0,1561.27379,41374661.9188664,0.0
2023-05-25 23:00:00,26468.67,26522.8,26458.52,26485.21,814.61595,1685048399999.0,21574637.0288614,20344.0,419.02404,11097232.4407657,0.0
2023-05-26 00:00:00,26485.21,26485.22,26437.53,26475.86,672.1993,1685051999999.0,17785388.7360612,18349.0,268.75511,7110480.9946357,0.0
2023-05-26 01:00:00,26475.85,26478.44,26432.46,26454.41,565.98514,1685055599999.0,14973188.1535948,14546.0,255.31672,6754128.0496983,0.0
2023-05-26 02:00:00,26454.41,26551.02,26454.41,26473.79,839.8277,1685059199999.0,22252247.4555419,18276.0,444.46079,11775944.6610046,0.0
2023-05-26 03:00:00,26473.8,26505.24,26384.36,26469.93,1100.64504,1685062799999.0,29115359.2383897,28890.0,534.12561,14128565.8368354,0.0
2023-05-26 04:00:00,26469.94,26539.34,26350.0,26414.9,2072.24102,1685066399999.0,54816311.6324519,33646.0,1010.9364,26745065.9599939,0.0
2023-05-26 05:00:00,26414.9,26442.37,26385.36,26403.34,615.13573,1685069999999.0,16251755.1645246,14360.0,295.00942,7794011.9324366,0.0
2023-05-26 06:00:00,26403.34,26467.56,26394.54,26435.14,659.12119,1685073599999.0,17420020.7423645,15257.0,299.21218,7907199.4767882,0.0
2023-05-26 07:00:00,26435.14,26450.85,26410.03,26426.43,572.61717,1685077199999.0,15134806.058673,15091.0,236.0292,6238705.8458531,0.0
2023-05-26 08:00:00,26426.44,26432.1,26336.99,26347.43,834.85234,1685080799999.0,22023845.4299821,21656.0,291.72182,7695283.6125394,0.0
2023-05-26 09:00:00,26347.44,26442.8,26327.24,26434.4,1030.08019,1685084399999.0,27172849.4226389,26495.0,510.63781,13470607.5472058,0.0
2023-05-26 10:00:00,26434.4,26534.05,26414.36,26501.33,1532.23064,1685087999999.0,40552943.4485832,33528.0,873.69495,23125159.269706,0.0
2023-05-26 11:00:00,26501.34,26549.0,26468.26,26473.36,1664.40136,1685091599999.0,44111184.7489102,24144.0,714.10167,18924469.5805989,0.0
2023-05-26 12:00:00,26473.37,26473.5,26427.93,26445.45,1165.18735,1685095199999.0,30819218.6976033,21482.0,551.41787,14584366.7662756,0.0
2023-05-26 13:00:00,26445.46,26485.86,26423.62,26450.13,917.13231,1685098799999.0,24257183.2006996,19847.0,448.66803,11865584.8908719,0.0
2023-05-26 14:00:00,26450.12,26500.0,26429.16,26463.29,1288.54293,1685102399999.0,34093404.2953065,23920.0,588.91509,15583026.4827157,0.0
2023-05-26 15:00:00,26463.29,26528.64,26355.81,26440.04,2090.29052,1685105999999.0,55256667.3295993,35145.0,864.01021,22838595.3540237,0.0
2023-05-26 16:00:00,26440.04,26593.35,26440.04,26539.97,2147.29604,1685109599999.0,56964157.9439181,38750.0,1058.18241,28073264.9465257,0.0
2023-05-26 17:00:00,26539.98,26932.16,26539.97,26760.01,5884.01743,1685113199999.0,157461590.0877885,85179.0,3165.79979,84702480.5499227,0.0
2023-05-26 18:00:00,26760.0,26846.29,26741.61,26750.21,2715.69143,1685116799999.0,72761055.8204796,40470.0,1236.58441,33134851.0492579,0.0
2023-05-26 19:00:00,26750.22,26830.0,26744.63,26792.36,1276.23413,1685120399999.0,34192756.579986,26470.0,548.31355,14689293.9770258,0.0
2023-05-26 20:00:00,26792.35,26837.34,26686.04,26713.0,1672.57471,1685123999999.0,44754278.8950999,29775.0,703.35499,18819971.7696489,0.0
2023-05-26 21:00:00,26713.0,26757.09,26610.49,26730.69,1922.71379,1685127599999.0,51298845.3285179,34567.0,793.97781,21184633.8372679,0.0
2023-05-26 22:00:00,26730.68,26822.88,26730.68,26767.21,1434.76741,1685131199999.0,38420997.7511739,25215.0,739.09927,19791529.2829159,0.0
2023-05-26 23:00:00,26767.22,26807.5,26736.11,26747.66,915.97852,1685134799999.0,24519220.0650449,19666.0,381.31988,10207491.1168301,0.0
2023-05-27 00:00:00,26747.66,26790.0,26722.35,26725.24,668.95967,1685138399999.0,17895085.4563591,15706.0,313.1038,8376883.0771821,0.0
2023-05-27 01:00:00,26725.23,26754.11,26686.0,26686.0,476.78842,1685141999999.0,12743025.3857251,14509.0,176.78278,4724891.5731551,0.0
2023-05-27 02:00:00,26686.01,26726.77,26686.0,26705.92,403.68779,1685145599999.0,10781161.8701902,11987.0,172.37566,4603173.0090956,0.0
2023-05-27 03:00:00,26705.93,26713.4,26633.0,26651.92,757.05421,1685149199999.0,20188293.8517964,23352.0,367.95497,9810994.8525359,0.0
2023-05-27 04:00:00,26651.93,26713.76,26645.62,26713.76,944.48038,1685152799999.0,25201957.6706982,14791.0,392.95835,10487015.97218,0.0
2023-05-27 05:00:00,26713.75,26742.98,26688.08,26742.97,459.21649,1685156399999.0,12267297.3162279,12450.0,225.11577,6013656.4228121,0.0
2023-05-27 06:00:00,26742.98,26782.73,26713.15,26752.0,510.19944,1685159999999.0,13645324.1814799,14911.0,218.32268,5839277.779227,0.0
2023-05-27 07:00:00,26752.0,26786.51,26725.5,26760.96,736.6081,1685163599999.0,19707949.4858131,16545.0,351.31564,9399274.7083791,0.0
2023-05-27 08:00:00,26760.95,26763.71,26724.76,26725.16,417.81894,1685167199999.0,11174824.2311734,12705.0,199.11159,5325622.1133651,0.0
2023-05-27 09:00:00,26725.16,26763.99,26710.0,26749.47,575.0991,1685170799999.0,15374007.8710965,17549.0,310.65168,8305971.5269818,0.0
2023-05-27 10:00:00,26749.46,26749.47,26710.0,26722.8,427.07326,1685174399999.0,11413391.2163422,13421.0,182.47412,4876258.1585574,0.0
2023-05-27 11:00:00,26722.8,26722.8,26676.17,26688.65,670.07974,1685177999999.0,17888413.7108194,17249.0,216.40531,5776312.8095298,0.0
2023-05-27 12:00:00,26688.64,26732.66,26683.43,26699.17,447.03861,1685181599999.0,11937937.8611132,15701.0,225.9676,6034021.3109706,0.0
2023-05-27 13:00:00,26699.16,26716.55,26667.93,26676.89,675.33439,1685185199999.0,18029638.3018945,15476.0,297.61093,7945712.4537009,0.0
2023-05-27 14:00:00,26676.89,26714.01,26666.37,26699.02,450.38607,1685188799999.0,12019823.5078524,15686.0,260.10854,6941789.5020405,0.0
2023-05-27 15:00:00,26699.02,26743.8,26677.4,26711.5,608.65364,1685192399999.0,16258570.5145432,16007.0,285.72487,7633153.6265522,0.0
2023-05-27 16:00:00,26711.5,26777.77,26551.0,26628.29,1169.30285,1685195999999.0,31204873.7670178,26335.0,511.92667,13662884.4949335,0.0
2023-05-27 17:00:00,26628.29,26724.19,26607.42,26666.87,876.55253,1685199599999.0,23373187.9758165,25638.0,447.80067,11940723.6976831,0.0
2023-05-27 18:00:00,26666.87,26690.06,26636.98,26690.05,519.80287,1685203199999.0,13859870.761308,17541.0,282.02542,7519775.1063705,0.0
2023-05-27 19:00:00,26690.06,26694.26,26620.35,26664.07,526.03404,1685206799999.0,14025249.617893,17366.0,191.19904,5097354.5086594,0.0
2023-05-27 20:00:00,26664.07,26765.03,26663.62,26756.7,878.06118,1685210399999.0,23457352.7514952,21833.0,465.74081,12442945.1440088,0.0
2023-05-27 21:00:00,26756.71,26846.0,26702.63,26702.64,972.08491,1685213999999.0,26025760.7199397,25174.0,489.31222,13102090.7946781,0.0
2023-05-27 22:00:00,26702.64,26765.73,26702.63,26729.6,405.54357,1685217599999.0,10844038.5800193,14960.0,162.78009,4352386.4474331,0.0
2023-05-27 23:00:00,26729.6,26751.52,26726.01,26751.52,338.38058,1685221199999.0,9047484.9939434,13322.0,175.52952,4693248.2136422,0.0
2023-05-28 00:00:00,26751.52,26774.95,26733.84,26771.27,329.47792,1685224799999.0,8814848.9918826,13126.0,150.10223,4015680.4229952,0.0
2023-05-28 01:00:00,26771.28,26835.93,26761.88,26803.28,773.85827,1685228399999.0,20732887.9179236,17620.0,419.98028,11252287.6412761,0.0
2023-05-28 02:00:00,26803.28,26895.0,26803.27,26854.27,627.54561,1685231999999.0,16844277.2364014,16936.0,322.18176,8648159.0641599,0.0
2023-05-28 03:00:00,26854.28,27119.5,26764.36,27072.42,2783.3021,1685235599999.0,75083141.3653265,53447.0,1612.10849,43495718.2796381,0.0
2023-05-28 04:00:00,27072.41,27165.62,27070.83,27093.94,2381.56573,1685239199999.0,64568865.0045808,43965.0,1109.72252,30086433.0529691,0.0
2023-05-28 05:00:00,27093.94,27129.64,27072.16,27100.01,894.21219,1685242799999.0,24232255.3750932,16583.0,499.39647,13533656.6955349,0.0
2023-05-28 06:00:00,27100.0,27247.1,27100.0,27187.23,1945.12459,1685246399999.0,52856310.4984216,31923.0,1097.90282,29835328.2029916,0.0
2023-05-28 07:00:00,27187.24,27285.52,27167.97,27167.97,1840.13486,1685249999999.0,50107529.5421194,29293.0,1052.80545,28671401.8035667,0.0
2023-05-28 08:00:00,27167.98,27190.81,27128.41,27164.75,1459.78402,1685253599999.0,39639530.2433861,22368.0,924.80699,25112265.6449621,0.0
2023-05-28 09:00:00,27164.75,27228.91,27164.75,27184.9,1455.13251,1685257199999.0,39579394.2430797,25577.0,789.76571,21482266.2850228,0.0
2023-05-28 10:00:00,27184.9,27229.15,27182.01,27226.37,863.34309,1685260799999.0,23485911.0327741,19256.0,461.60555,12557231.1783797,0.0
2023-05-28 11:00:00,27226.38,27247.42,27178.36,27197.63,986.50776,1685264399999.0,26837558.5198339,23020.0,486.05703,13223005.3232098,0.0
2023-05-28 12:00:00,27197.63,27198.99,27136.01,27156.68,703.64548,1685267999999.0,19116545.0229995,18922.0,310.39638,8432422.993251,0.0
2023-05-28 13:00:00,27156.69,27218.94,27147.19,27212.35,628.63901,1685271599999.0,17086125.5949916,20407.0,334.00289,9078465.9025353,0.0
2023-05-28 14:00:00,27212.34,27344.23,27153.75,27153.76,1795.88389,1685275199999.0,48924503.0877175,37781.0,936.26707,25507750.4274235,0.0
2023-05-28 15:00:00,27153.76,27187.37,27100.02,27142.48,1070.92681,1685278799999.0,29071440.2477813,25866.0,546.71717,14841421.996208,0.0
2023-05-28 16:00:00,27142.49,27226.46,27134.75,27181.31,928.51519,1685282399999.0,25234198.7239609,22139.0,431.56369,11727412.757623,0.0
2023-05-28 17:00:00,27181.31,27239.99,27168.09,27200.07,657.83526,1685285999999.0,17892164.772251,13696.0,332.50048,9042967.7527274,0.0
